<?xml version="1.0" encoding="UTF-8"?>
<metadata xml:lang="zh"><Esri><CreaDate>20221127</CreaDate><CreaTime>14234000</CreaTime><ArcGISFormat>1.0</ArcGISFormat><SyncOnce>TRUE</SyncOnce><DataProperties><lineage><Process ToolSource="d:\arcgis setup\desktop10.2\ArcToolbox\Toolboxes\Data Management Tools.tbx\CalculateField" Date="20221126" Time="235247">CalculateField 充电站_CGCS2000\充电站数据补充_CGCS2000 总桩数 "!快充桩数! + !慢充桩数!" PYTHON_9.3 #</Process><Process ToolSource="d:\arcgis setup\desktop10.2\ArcToolbox\Toolboxes\Data Management Tools.tbx\CalculateField" Date="20221127" Time="000212">CalculateField 充电站_CGCS2000\充电站数据补充_CGCS2000 快慢充类型 '无数据' PYTHON_9.3 #</Process><Process ToolSource="d:\arcgis setup\desktop10.2\ArcToolbox\Toolboxes\Data Management Tools.tbx\CalculateField" Date="20221127" Time="000323">CalculateField 充电站_CGCS2000\充电站数据补充_CGCS2000 快慢充类型 '慢充站点' PYTHON_9.3 #</Process><Process ToolSource="d:\arcgis setup\desktop10.2\ArcToolbox\Toolboxes\Data Management Tools.tbx\CalculateField" Date="20221127" Time="000345">CalculateField 充电站_CGCS2000\充电站数据补充_CGCS2000 快慢充类型 '快充站点' PYTHON_9.3 #</Process><Process ToolSource="d:\arcgis setup\desktop10.2\ArcToolbox\Toolboxes\Data Management Tools.tbx\CalculateField" Date="20221127" Time="000400">CalculateField 充电站_CGCS2000\充电站数据补充_CGCS2000 快慢充类型 '混合站点' PYTHON_9.3 #</Process></lineage></DataProperties></Esri></metadata>
